question_id,category,skill,difficulty,question,ideal_answer,keywords
PY001,Python,Python,Easy,"What is the difference between a list and a tuple?","A list is mutable (can be modified after creation) while a tuple is immutable (cannot be changed once created). Lists use square brackets [] and tuples use parentheses (). Both are sequences that can store multiple items. Lists are used when data needs to be modified; tuples are used when data should remain constant or be used as dictionary keys.","list,tuple,mutable,immutable,brackets,parentheses,sequence,hashable"
PY002,Python,Python,Easy,"Explain what a dictionary is and provide an example of its use.","A dictionary is an unordered collection of key-value pairs enclosed in curly braces {}. Keys must be unique and hashable, while values can be any data type. Example: person = {'name': 'John', 'age': 30, 'city': 'NYC'}. Dictionaries provide fast lookup by key, making them ideal for storing structured data. Accessed via dictionary[key] or .get(key).","dictionary,key-value,mutable,hashable,lookup,curly_braces,unordered"
PY003,Python,Python,Easy,"What are sets in Python and what is their primary advantage?","Sets are unordered collections of unique, immutable elements enclosed in curly braces {}. They automatically remove duplicates. Primary advantage is O(1) average lookup time and ability to perform set operations like union (|), intersection (&), difference (-), and symmetric difference (^). Sets cannot contain mutable objects like lists or dictionaries. Use sets to remove duplicates and check membership efficiently.","set,unique,unordered,union,intersection,difference,immutable,duplicates,membership,O(1)"
PY004,Python,Python,Easy,"How do you create a function in Python? What is the syntax?","Functions are created using the def keyword followed by the function name and parentheses containing parameters. Syntax: def function_name(parameters): body. Example: def greet(name): return f'Hello, {name}!'. Functions can have default parameters like def greet(name='Guest'). Use return to send output back to caller. Functions promote code reusability and organization.","def,function,parameters,return,syntax,reusable,scope"
PY005,Python,Python,Medium,"Explain lambda functions and provide a use case.","Lambda functions are anonymous, single-expression functions created with the lambda keyword. Syntax: lambda arguments: expression. Example: square = lambda x: x**2. Lambdas return the expression value implicitly and cannot contain multiple statements. Common use cases include passing functions to higher-order functions like map(), filter(), and sorted(). Example: numbers = [1,2,3,4]; squared = list(map(lambda x: x**2, numbers)).","lambda,anonymous,expression,map,filter,sorted,higher-order,syntax"
PY006,Python,Python,Medium,"What are list comprehensions and why are they useful?","List comprehensions provide a concise way to create lists using a compact syntax: [expression for item in iterable if condition]. Example: [x**2 for x in range(10) if x % 2 == 0]. They are useful because they are more readable, faster (vectorized), and more Pythonic than using for loops. Equivalent nested loops and conditionals can be written in one line. Similar to set and dictionary comprehensions.","list comprehension,syntax,readable,vectorized,Pythonic,filter,expression"
PY007,Python,Python,Medium,"Explain the concept of decorators in Python.","Decorators are functions that modify or enhance other functions or classes without permanently changing their source code. They use the @ symbol and are applied above the function definition. Example: @decorator def function():. Decorators wrap the original function and can execute code before and after it. Common use cases include logging, authentication, timing. Example: @timer def slow_function():. Decorators are higher-order functions that take a function and return a modified function.","decorator,function,wrapper,higher-order,@,enhancement,logging"
PY008,Python,Python,Medium,"What is the difference between args and kwargs?","*args (non-keyword arguments) allows a function to accept any number of positional arguments passed as a tuple. **kwargs (keyword arguments) allows a function to accept any number of keyword arguments passed as a dictionary. Example: def function(*args, **kwargs): for arg in args:; for key, value in kwargs.items():. This provides flexibility when function doesn't know in advance how many arguments will be passed. Often used for wrapper functions and decorators.","args,kwargs,*,**,parameters,tuple,dictionary,unpacking,flexibility"
PY009,Python,Python,Hard,"Explain Python's Global Interpreter Lock (GIL) and its implications.","The GIL is a mutex that protects access to Python objects in CPython, preventing multiple threads from executing Python bytecode simultaneously. This means multi-threaded Python programs cannot achieve true parallelism on multi-core systems for CPU-bound tasks. I/O-bound operations release the GIL, so threading is useful for I/O. For CPU parallelism, use multiprocessing which spawns separate processes. GIL exists because CPython's memory management (reference counting) is not thread-safe.","GIL,threading,parallelism,multiprocessing,CPython,reference counting,CPU-bound,I/O-bound"
PY010,Python,Python,Hard,"What are iterators and generators? How do they differ?","Iterators are objects implementing __iter__() and __next__() methods, enabling iteration via for loops. Generators are a simpler way to create iterators using a function with yield statements. When a generator is called, it returns a generator object without executing the function body. Each yield returns a value and pauses execution, resuming at the next call. Generators are memory-efficient for large datasets (lazy evaluation). Difference: iterators require class definition; generators use functions.","iterator,generator,yield,__iter__,__next__,lazy evaluation,memory efficient,protocol"
PY011,Python,Python,Hard,"Explain Python's memory management and reference counting.","Python uses reference counting for memory management. Each object has a reference count tracking how many variables point to it. When reference count reaches zero, garbage collection frees the memory. This is efficient but has overhead. Python also has a cyclic garbage collector to handle circular references (objects referencing each other). del decreases reference count; assignment increases it. sys.getrefcount() shows reference count. Understanding this is crucial for avoiding memory leaks in long-running applications.","reference counting,garbage collection,memory management,del,circular references,sys.getrefcount"
PY012,Python,Python,Hard,"What is the difference between __new__ and __init__ in Python classes?","__new__() is a static method that creates and returns a new instance of a class (object creation). __init__() is an instance method that initializes the instance after creation (object initialization). __new__ receives cls parameter and must return an instance; __init__ receives self. __new__ is called first, then __init__. Overriding __new__ is rarely needed but useful for immutable types or custom metaclasses.","__new__,__init__,instance,class,creation,initialization,static method,immutable"
PY013,Python,Python,Medium,"Explain exception handling in Python with try, except, else, finally.","Exception handling uses try-except blocks. Try contains code that might raise an exception. Except catches and handles specific exceptions. Else executes if no exception occurred. Finally always executes regardless of whether an exception occurred, useful for cleanup. Syntax: try: risky_code() except SpecificError: handle_error() else: success_code() finally: cleanup(). You can have multiple except blocks for different exceptions. Raise your own exceptions using raise CustomError('message').","exception,try,except,else,finally,error handling,raise,cleanup"
PY014,Python,Python,Easy,"What is the difference between '==' and 'is' operators?","'==' compares values (equality), while 'is' compares object identity (same object in memory). Example: a = [1,2,3]; b = [1,2,3]; a == b returns True (same values); a is b returns False (different objects). For None, always use 'is None' not '== None'. For identity with integers, CPython caches small integers (-5 to 256), so 'is' may appear to work but shouldn't be relied upon. Use '==' for value comparison; use 'is' for None and object identity checks.","equality,identity,==,is,None,memory,comparison,caching"
PY015,Python,Python,Medium,"What are properties and how are they used with @property decorator?","Properties allow you to define getter, setter, and deleter methods for class attributes using @property decorator. This enables encapsulation while maintaining simple dot notation. Example: @property def age(self): return self._age; @age.setter def age(self, value): self._age = value. Benefits include validation in setters, computed properties, and backward compatibility when adding validation to existing code. Properties make code more Pythonic than Java-style getAge()/setAge() methods.","property,@property,getter,setter,encapsulation,decorator,validation"
PY016,Python,Python,Medium,"Explain metaclasses in Python.","Metaclasses are classes whose instances are classes themselves. In Python, type is the default metaclass. Classes are created using their metaclass, much like instances are created using classes. You can create custom metaclasses by subclassing type to control class creation and behavior. Syntax: class MyMeta(type): pass; class MyClass(metaclass=MyMeta): pass. Metaclasses are advanced and rarely needed, but useful for frameworks, ORMs, and enforcing constraints on class definitions. Most code doesn't need custom metaclasses.","metaclass,type,class creation,advanced Python,framework,ORM,__new__,__init__"
PY017,Python,Python,Easy,"What does 'self' represent in a Python class?","'self' is a reference to the instance of the class itself. It's used in instance methods to access and modify instance attributes and call other instance methods. By convention, it's the first parameter of instance methods (not required, just convention). Example: class Dog: def bark(self): print('woof'). When you call dog.bark(), Python automatically passes the dog instance as self. Static methods don't need self; class methods receive cls instead.","self,instance,method,class,attribute,convention,reference"
PY018,Python,Python,Medium,"Explain operator overloading with magic methods (__add__, __str__, etc).","Magic methods (dunder methods) allow classes to define behavior for built-in operations. __add__ overloads +, __sub__ overloads -, __mul__ overloads *, etc. __str__ defines string representation for print(); __repr__ for debugging. __len__ enables len(); __getitem__ enables indexing. __eq__ enables ==; __lt__ enables <. Example: class Vector: def __add__(self, other): return Vector(...). This makes objects behave like built-in types and improves readability.","magic method,dunder,operator overloading,__add__,__str__,__repr__,protocol"
PY019,Python,Python,Hard,"Explain Python's MRO (Method Resolution Order) and C3 Linearization.","MRO determines the order in which base classes are searched when executing a method. Python uses C3 Linearization algorithm. Check MRO with ClassName.mro() or ClassName.__mro__. Example: class C(A, B): pass searches C, then A (and its parents), then B (and its parents), then object. MRO ensures consistent ordering and prevents diamond problem. super() uses MRO to call parent methods. Understanding MRO is crucial for complex inheritance hierarchies.","MRO,Method Resolution Order,C3 Linearization,multiple inheritance,super(),inheritance,diamond problem"
PY020,Python,Python,Medium,"What is monkey patching in Python?","Monkey patching is dynamically modifying or extending code at runtime by changing attributes, methods, or classes. Example: import module; module.function = new_function. Useful for testing (mocking), fixing bugs without modifying original code, or extending third-party libraries. However, it makes code harder to understand and maintain. Better alternatives include inheritance, composition, or dependency injection. Use responsibly, preferably only in tests or as temporary workarounds.","monkey patching,dynamic modification,runtime,mocking,testing,extension,maintainability"
PY021,Python,Python,Hard,"Explain context managers and the 'with' statement.","Context managers handle setup and teardown of resources using the 'with' statement. They implement __enter__() (setup) and __exit__() (cleanup). Example: with open('file.txt') as f:. The __enter__ method is called on entering the block; __exit__ is called on exit (even if exception occurs). Benefits include automatic resource cleanup, readability, and exception safety. You can create custom context managers using @contextmanager decorator or by implementing the protocol.","context manager,with,__enter__,__exit__,resource management,cleanup,@contextmanager"
PY022,Python,Python,Easy,"What are string methods? Give examples of commonly used ones.","String methods are built-in functions for string manipulation. Common methods: .upper() converts to uppercase, .lower() to lowercase, .strip() removes leading/trailing whitespace, .split() splits into list, .join() combines list to string, .replace(old, new) replaces text, .find() searches for substring, .startswith()/.endswith() check prefix/suffix. Strings are immutable, so these methods return new strings. Example: 'hello world'.upper() returns 'HELLO WORLD'.","string methods,upper,lower,strip,split,join,replace,find,immutable"
PY023,Python,Python,Medium,"Explain f-strings and string formatting in Python.","F-strings (formatted string literals) provide a concise, readable way to embed expressions in strings using f-prefix and curly braces {}. Example: f'Hello {name}, you are {age} years old'. They support expressions: f'2 + 2 = {2+2}', formatting: f'{value:.2f}' (2 decimals), and datetime: f'{now:%Y-%m-%d}'. Alternative methods include .format() and % operator, but f-strings are preferred for readability and performance (evaluated at compile time).","f-string,formatting,expression,.format,%,string,readability,performance"
SQL001,SQL,SQL,Easy,"What does the SELECT statement do?","The SELECT statement retrieves data from one or more database tables. Basic syntax: SELECT column1, column2 FROM table_name. SELECT * retrieves all columns. SELECT DISTINCT returns unique values only. Combine with WHERE clause to filter: SELECT * FROM customers WHERE age > 30. SELECT is the foundation of all queries and can project, filter, join, aggregate, and sort data. Always specify columns needed rather than using * for performance.","SELECT,query,column,FROM,WHERE,*,DISTINCT,projection"
SQL002,SQL,SQL,Easy,"What is the difference between WHERE and HAVING clauses?","WHERE filters rows before grouping; HAVING filters groups after aggregation. WHERE works on individual rows and cannot use aggregate functions. HAVING works on grouped data and must use aggregate functions. Example: SELECT department, AVG(salary) FROM employees WHERE salary > 50000 GROUP BY department HAVING AVG(salary) > 60000. WHERE is applied first (more efficient), then HAVING is applied to filtered groups. Both can be used together in same query.","WHERE,HAVING,filter,grouping,aggregate,GROUP BY,before,after"
SQL003,SQL,SQL,Easy,"Explain the GROUP BY clause and its purpose.","GROUP BY groups rows by one or more columns and collapses them into fewer rows. Typically used with aggregate functions like COUNT(), SUM(), AVG(), MAX(), MIN(). Example: SELECT department, COUNT(*) as num_employees FROM employees GROUP BY department returns count per department. All selected non-aggregated columns must be in GROUP BY. Without GROUP BY, aggregate functions apply to entire result set. GROUP BY is essential for summarization and analysis queries.","GROUP BY,aggregate,COUNT,SUM,AVG,group,summarization,function"
SQL004,SQL,SQL,Medium,"Explain different types of JOINs (INNER, LEFT, RIGHT, FULL).","JOINs combine rows from two or more tables. INNER JOIN returns only matching rows from both tables. LEFT JOIN returns all rows from left table + matching rows from right (nulls for non-matches). RIGHT JOIN returns all rows from right table + matching rows from left. FULL OUTER JOIN returns all rows from both tables (nulls for non-matches). Example: SELECT * FROM employees INNER JOIN departments ON employees.dept_id = departments.id. Different databases have different FULL syntax support. Use ON clause to specify join condition.","JOIN,INNER,LEFT,RIGHT,FULL,matching,table,ON condition,null"
SQL005,SQL,SQL,Easy,"What are subqueries and how are they used?","Subqueries (inner queries) are queries nested inside other queries. They can return a single value, multiple rows, or multiple columns. Example: SELECT * FROM employees WHERE salary > (SELECT AVG(salary) FROM employees). Subqueries in WHERE filter results; in SELECT provide computed columns; in FROM act as derived tables. Subqueries are usually less efficient than JOINs but more readable for complex logic. Correlated subqueries reference outer query columns (executed once per row).","subquery,nested,WHERE,SELECT,FROM,derived table,correlation"
SQL006,SQL,SQL,Medium,"What are CTEs (Common Table Expressions)? What is the advantage?","CTEs use WITH clause to define temporary named result sets usable in subsequent queries. Syntax: WITH cte_name AS (SELECT ...) SELECT * FROM cte_name. Advantages: improved readability, reduced code duplication, ability to reference same CTE multiple times, recursive queries possible. Example: WITH employee_salaries AS (SELECT * FROM employees) SELECT * FROM employee_salaries WHERE salary > 50000. CTEs make complex queries easier to understand and maintain compared to nested subqueries.","CTE,WITH,temporary,named,readability,recursive,result set"
SQL007,SQL,SQL,Medium,"Explain window functions and provide an example.","Window functions perform calculations across rows related to current row without collapsing results. Syntax uses OVER(PARTITION BY column ORDER BY column). Example: SELECT employee, salary, AVG(salary) OVER (PARTITION BY department) FROM employees shows average salary per department for each employee. Common functions: ROW_NUMBER(), RANK(), DENSE_RANK(), LAG(), LEAD(). Window functions are more efficient than subqueries for such calculations. Useful for ranking, running totals, moving averages.","window function,OVER,PARTITION BY,ROW_NUMBER,RANK,LAG,LEAD,calculation"
SQL008,SQL,SQL,Easy,"What is the ORDER BY clause and how does it work?","ORDER BY sorts query results by one or more columns. Default is ascending (ASC); use DESC for descending. Example: SELECT * FROM employees ORDER BY last_name, first_name ASC. Can sort by column name, alias, or column number (e.g., ORDER BY 2). NULL values are typically sorted first (database-dependent). Multiple columns create multi-level sort. ORDER BY should be last clause. Use it for presenting results but note sorting large result sets impacts performance.","ORDER BY,sort,ASC,DESC,NULL,multiple columns,ascending,descending"
SQL009,SQL,SQL,Hard,"Explain SQL query optimization techniques.","Optimization techniques: use WHERE to filter early, use indexes on frequently searched columns, avoid SELECT * (specify needed columns), use INNER JOIN over subqueries, avoid functions on indexed columns (SELECT * WHERE UPPER(name)='JOHN' bypasses index), use EXPLAIN to see execution plan, denormalize carefully for read performance, use appropriate data types, batch operations. Profile queries to identify bottlenecks. Query optimization is a continuous process based on actual usage patterns.","optimization,index,EXPLAIN,execution plan,performance,filter,JOIN,denormalize"
SQL010,SQL,SQL,Medium,"What are foreign keys and primary keys?","Primary Key uniquely identifies each row in a table. Each table should have exactly one primary key. Cannot be NULL. Example: CREATE TABLE users (id INT PRIMARY KEY, name VARCHAR(100)). Foreign Key establishes relationship between tables by referencing primary key of another table. Example: CREATE TABLE orders (id INT PRIMARY KEY, user_id INT FOREIGN KEY REFERENCES users(id)). Foreign keys enforce referential integrity (prevent orphaned records). Relationships can be One-to-Many, Many-to-Many, or One-to-One.","primary key,foreign key,unique,constraint,relationship,referential integrity,NULL,REFERENCES"
SQL011,SQL,SQL,Medium,"Explain normalization in databases. What are normal forms?","Normalization organizes database to reduce redundancy and improve integrity. First Normal Form (1NF): eliminate repeating groups. Second Normal Form (2NF): remove partial dependencies (every non-key column depends on entire primary key). Third Normal Form (3NF): remove transitive dependencies (non-key columns don't depend on other non-key columns). Higher normal forms (BCNF, 4NF, 5NF) exist but are rarely needed. Trade-off: normalization improves data integrity but increases query complexity (requires more joins).","normalization,1NF,2NF,3NF,redundancy,dependency,integrity,denormalization"
SQL012,SQL,SQL,Hard,"What are indexes and how do they improve performance?","Indexes create sorted data structures (B-trees, hash tables) enabling fast lookups without scanning entire table. Trade-off: faster reads, slower writes (must update index). Types: Primary Key (unique), Unique, Full-text, Composite (multiple columns). Cost is memory overhead. Best for columns in WHERE, JOIN ON, ORDER BY clauses. Avoid over-indexing; each index impacts INSERT, UPDATE, DELETE performance. EXPLAIN shows if index is used. Indexes don't help with SELECT * or non-indexed WHERE columns.","index,performance,B-tree,lookup,write,trade-off,EXPLAIN,optimization"
SQL013,SQL,SQL,Easy,"Explain basic SQL aggregate functions: COUNT, SUM, AVG, MAX, MIN.","Aggregate functions compute single result from multiple rows. COUNT(*) counts rows (including NULLs), COUNT(column) counts non-NULL values. SUM(column) totals numeric values. AVG(column) averages numeric values. MAX(column) returns largest value (works on numbers, strings, dates). MIN(column) returns smallest value. All ignore NULL values except COUNT(*). Example: SELECT COUNT(*), SUM(salary), AVG(salary) FROM employees. Use GROUP BY to compute aggregates per group. HAVING filters aggregate results.","aggregate,COUNT,SUM,AVG,MAX,MIN,NULL,GROUP BY"
SQL014,SQL,SQL,Medium,"What is the CASE statement in SQL?","CASE statement provides conditional logic in SQL queries. Syntax: CASE WHEN condition THEN result ELSE result END. Example: SELECT name, CASE WHEN salary > 100000 THEN 'High' WHEN salary > 50000 THEN 'Medium' ELSE 'Low' END as salary_level FROM employees. Can use multiple WHEN clauses; ELSE is optional (defaults to NULL). CASE is used in SELECT, WHERE, and ORDER BY clauses. More readable than multiple IF statements.","CASE,WHEN,THEN,ELSE,conditional,multiple conditions,result"
SQL015,SQL,SQL,Medium,"Explain UNION and UNION ALL in SQL.","UNION combines results from multiple SELECT statements, removing duplicates. UNION ALL combines results without removing duplicates (faster). All SELECTs must have same number of columns with compatible types. Column names come from first SELECT. Syntax: SELECT col1 FROM table1 UNION SELECT col1 FROM table2. Use UNION to merge similar data from different tables or same table with different conditions. NULL is treated as a value (duplicates removed if all columns NULL).","UNION,UNION ALL,combine,duplicate,merge,SELECT,compatible"
ML001,Machine Learning,Machine Learning,Easy,"Explain the difference between supervised and unsupervised learning.","Supervised learning uses labeled training data (input-output pairs) to train model to predict outputs for new inputs. Examples: classification (labels are categories), regression (labels are continuous values). Unsupervised learning finds patterns in unlabeled data without predefined outcomes. Examples: clustering (groups similar items), dimensionality reduction. Supervised requires labeled data (expensive to obtain); unsupervised works with raw data. Semi-supervised uses mixture of labeled and unlabeled data.","supervised,unsupervised,labeled,unlabeled,classification,regression,clustering,training"
ML002,Machine Learning,Machine Learning,Easy,"What is the difference between regression and classification?","Regression predicts continuous numerical values. Example: predicting house prices, temperature, or stock price. Output is any real number. Classification predicts categorical labels (discrete classes). Example: spam/not spam, disease/no disease, cat/dog/bird. Output is one of predefined categories. Regression uses algorithms like linear regression, decision trees (continuous output). Classification uses logistic regression, decision trees (categorical output), SVM, neural networks. Evaluation metrics differ: regression uses MSE, RMSE, R²; classification uses accuracy, precision, recall.","regression,classification,continuous,categorical,numerical,discrete,prediction"
ML003,Machine Learning,Machine Learning,Easy,"What is overfitting and underfitting?","Overfitting occurs when model learns training data too well, including noise and details not generalizing to new data. High training accuracy, low test accuracy. Causes: model too complex, too much training, insufficient data. Underfitting occurs when model is too simple to capture underlying patterns. Low training and test accuracy. Causes: model too simple, insufficient training, wrong algorithm. Both are problems. Goal is balanced model with high train and test accuracy. Regularization, cross-validation, and early stopping help prevent overfitting.","overfitting,underfitting,generalization,training,test,complexity,regularization,accuracy"
ML004,Machine Learning,Machine Learning,Medium,"Explain the bias-variance tradeoff.","Bias is error from oversimplified model assumptions. High bias = underfitting. Variance is error from model sensitivity to training data variations. High variance = overfitting. Tradeoff: cannot minimize both simultaneously. Simple models have high bias, low variance. Complex models have low bias, high variance. Optimal model minimizes total error = bias² + variance + irreducible error. Regularization reduces variance at cost of slight bias increase. Cross-validation helps find balance. Understanding this tradeoff is fundamental to machine learning.","bias,variance,tradeoff,error,underfitting,overfitting,regularization,complexity"
ML005,Machine Learning,Machine Learning,Medium,"What is cross-validation and why is it important?","Cross-validation evaluates model performance using multiple train-test splits to estimate generalization error. K-fold cross-validation: divide data into k folds, train on k-1 folds, test on 1 fold, repeat k times, average scores. Reduces variability compared to single train-test split. Leave-One-Out CV uses folds of size 1 (expensive but thorough). Stratified CV preserves class distribution in classification. Important because single split may be lucky/unlucky. More reliable estimate of how model performs on unseen data.","cross-validation,k-fold,train-test,generalization,overfitting,stratified,Leave-One-Out"
ML006,Machine Learning,Machine Learning,Medium,"Explain feature engineering and its importance.","Feature engineering creates new features from raw data to improve model performance. Examples: polynomial features (x²), interactions (x1*x2), transformations (log(x)), binning continuous to categorical, encoding categorical variables. Domain knowledge is crucial. Good features: relevant to target, uncorrelated with each other, interpretable. Poor features add noise and hurt performance. Feature engineering often more important than algorithm choice. Feature selection removes irrelevant features (reduces overfitting, improves speed).","feature engineering,feature extraction,domain knowledge,transformation,encoding,binning,relevant"
ML007,Machine Learning,Machine Learning,Medium,"What is feature selection and why is it important?","Feature selection identifies most important features for predicting target. Methods: filter (correlation with target), wrapper (train model with subsets), embedded (feature importance from tree models). Removes irrelevant and redundant features. Benefits: simpler models (easier interpret), faster training/prediction, reduced overfitting, lower cost (fewer measurements). Too many features hurt performance (curse of dimensionality). Feature selection based on domain knowledge and data analysis. Contrasts with feature engineering (creating new features).","feature selection,importance,redundant,curse of dimensionality,filter,wrapper,embedded"
ML008,Machine Learning,Machine Learning,Hard,"Explain regularization techniques: L1, L2, and Elastic Net.","Regularization adds penalty term to loss function to prevent overfitting. L1 (Lasso) penalty: |coefficients|. Encourages sparse solutions (some coefficients = 0). Good for feature selection. L2 (Ridge) penalty: coefficients². Shrinks coefficients but keeps all features. L2 preferred when all features matter. Elastic Net combines L1 and L2 (parameter alpha balances them). Regularization strength controlled by lambda parameter. Higher lambda = stronger regularization = simpler model, higher bias, lower variance. Cross-validation finds optimal lambda.","L1,L2,Lasso,Ridge,Elastic Net,regularization,penalty,sparse,lambda"
ML009,Machine Learning,Machine Learning,Medium,"Explain decision trees and how they make predictions.","Decision trees recursively split data based on feature values to create tree structure. Each internal node is a decision rule on feature, branches are outcomes, leaves are predictions. Build by finding feature and threshold minimizing impurity (Gini for classification, MSE for regression). Trees are interpretable and handle non-linear relationships. Disadvantages: prone to overfitting, unstable (small data changes create different trees), biased toward features with many values. Pruning removes overfitting. Ensemble methods (Random Forest, Gradient Boosting) improve performance.","decision tree,split,impurity,Gini,recursive,interpretable,pruning,overfitting"
ML010,Machine Learning,Machine Learning,Medium,"What is a Random Forest and what problem does it solve?","Random Forest is ensemble of decision trees trained on random subsets of data and features. Each tree predicts, final prediction averages (regression) or majority votes (classification). Reduces overfitting and variance compared to single tree. Handles non-linearity and feature interactions well. Robust to outliers. Fast parallel training. Drawback: less interpretable than single tree. Number of trees (n_estimators) is key parameter. Works well with default hyperparameters, but tuning improves performance. One of most popular ML algorithms.","Random Forest,ensemble,tree,variance,robust,parallel,n_estimators,overfitting reduction"
ML011,Machine Learning,Machine Learning,Hard,"Explain Support Vector Machines (SVM) and how they work.","SVM finds optimal hyperplane maximizing margin (distance) between classes. Linearly separable data: uses linear kernel, hyperplane is line/plane. Non-linear data: uses kernel trick (RBF, polynomial) to implicitly map to higher dimensions. Decision boundary defined by support vectors (data points on margin). For multi-class uses one-vs-rest or one-vs-one strategies. Advantages: effective in high dimensions, memory efficient, kernel flexibility. Disadvantages: slower with large datasets, less interpretable, requires feature scaling. Hyperparameters: C (regularization), kernel type, gamma.","SVM,hyperplane,margin,kernel trick,support vectors,RBF,polynomial,decision boundary"
ML012,Machine Learning,Machine Learning,Medium,"Explain K-Nearest Neighbors (KNN) algorithm.","KNN classifies point based on k nearest training examples. For new point, finds k closest points (Euclidean distance by default) and predicts by majority vote (classification) or average (regression). Simple but effective. Lazy learner (no training phase). Sensitive to k value (small k = noisy, large k = oversmooth). Distance metric crucial (Euclidean, Manhattan, Minkowski). Computationally expensive for large datasets (must calculate distances to all training points). Better with feature scaling (features same magnitude).","KNN,k-nearest,distance,lazy learning,classification,regression,Euclidean,hyperparameter"
ML013,Machine Learning,Machine Learning,Hard,"Explain clustering algorithms: K-Means, Hierarchical, DBSCAN.","K-Means: iteratively assigns points to k nearest centroids, updates centroids. Simple, fast, but requires choosing k. Hierarchical: builds tree of nested clusters (dendrogram). Agglomerative (bottom-up) or divisive (top-down). Dendrogram shows relationships. DBSCAN: density-based, groups nearby points, identifies outliers. Doesn't require k (requires eps, min_samples). Advantages: finds clusters of any shape, identifies outliers. Disadvantages: sensitive to parameters. Each has use cases: K-Means for spherical clusters, Hierarchical for understanding relationships, DBSCAN for complex shapes and outliers.","clustering,K-Means,Hierarchical,DBSCAN,centroids,density,unsupervised,dendrogram"
ML014,Machine Learning,Machine Learning,Medium,"What is model evaluation? What metrics are important?","Model evaluation assesses how well model performs on unseen data. Metrics depend on task. Classification: accuracy (% correct), precision (true positives / predicted positives), recall (true positives / actual positives), F1-score (harmonic mean of precision/recall), ROC-AUC. Regression: MAE (mean absolute error), MSE (mean squared error), RMSE, R² (proportion of variance explained). ROC curve plots true positive rate vs false positive rate at different thresholds. Choose metrics based on business goal and data imbalance.","evaluation,metric,accuracy,precision,recall,F1,ROC-AUC,MAE,MSE,R²"
ML015,Machine Learning,Machine Learning,Hard,"Explain ensemble learning and methods like Bagging and Boosting.","Ensemble learning combines multiple models to improve performance. Bagging (Bootstrap Aggregating): trains multiple models on random samples with replacement, averages predictions. Reduces variance. Random Forest uses bagging with decision trees. Boosting: trains models sequentially, each corrects errors of previous. Gives more weight to misclassified samples. AdaBoost, Gradient Boosting, XGBoost. Boosting reduces bias and variance. Bagging good when base model has high variance; Boosting when high bias. Stacking: trains meta-model on predictions of base models.","ensemble,Bagging,Boosting,AdaBoost,Gradient Boosting,XGBoost,variance,bias"
STAT001,Statistics,Statistics,Easy,"Explain mean, median, and mode.","Mean is average of values. Median is middle value when sorted (50th percentile). Mode is most frequent value. Mean affected by outliers; median robust. For skewed distributions, median better represents central tendency. Example: [1,1,2,3,100] mean=21.4, median=2, mode=1. Mean useful for normal distributions. Median for skewed or with outliers. Mode for categorical data or identifying peaks. All three provide different insights into data distribution.","mean,median,mode,average,outliers,central tendency,skewed,distribution"
STAT002,Statistics,Statistics,Easy,"What is standard deviation and variance?","Variance measures spread of data around mean. Calculated as average squared deviations from mean. Standard deviation is square root of variance (same units as data). Example: values [1,2,3] have mean 2, deviations [-1,0,1], squared deviations [1,0,1], variance 2/3, std dev sqrt(2/3). Low std dev = data clustered near mean. High std dev = data spread out. Population std dev divides by n; sample std dev divides by n-1 (Bessel's correction). Coefficient of variation (std dev / mean) compares spread across datasets.","standard deviation,variance,spread,outliers,mean,deviations,population,sample"
STAT003,Statistics,Statistics,Easy,"Explain probability and basic probability rules.","Probability is likelihood of event occurring, between 0 (impossible) and 1 (certain). P(A) = favorable outcomes / total outcomes. For independent events: P(A and B) = P(A) * P(B). For mutually exclusive events: P(A or B) = P(A) + P(B). General rule: P(A or B) = P(A) + P(B) - P(A and B). Complement: P(A) + P(not A) = 1. Law of total probability: P(A) = sum of P(A|B) * P(B) for all B. Conditional probability: P(A|B) = P(A and B) / P(B) = probability of A given B.","probability,likelihood,event,independent,mutually exclusive,conditional,complement,rules"
STAT004,Statistics,Statistics,Medium,"Explain normal distribution and its properties.","Normal (Gaussian) distribution is bell-shaped, symmetric around mean. Defined by mean (μ) and standard deviation (σ). Properties: 68% data within 1σ, 95% within 2σ, 99.7% within 3σ (empirical rule). Useful for many phenomena (heights, test scores, measurement errors). Central Limit Theorem: sample means approximately normal regardless of original distribution. Z-score = (value - mean) / std dev normalizes data. Standard normal has mean=0, std dev=1. Many statistical tests assume normality (t-test, ANOVA).","normal distribution,Gaussian,bell curve,mean,standard deviation,empirical rule,Central Limit Theorem,Z-score"
STAT005,Statistics,Statistics,Medium,"Explain hypothesis testing and p-value.","Hypothesis testing determines if sample data supports hypothesis about population. Null hypothesis (H0) assumes no effect; alternative hypothesis (Ha) assumes effect. Test statistic computed from sample; p-value is probability of observing test statistic (or more extreme) if H0 true. Significance level (alpha) typically 0.05. If p-value < alpha, reject H0 (statistically significant). If p-value >= alpha, fail to reject H0. P-value not probability H0 is true; it's probability of data given H0. Common tests: t-test, chi-square, ANOVA.","hypothesis testing,null hypothesis,p-value,significance,alpha,test statistic,reject,Type I,Type II error"
STAT006,Statistics,Statistics,Medium,"Explain confidence intervals.","Confidence interval is range of values likely containing true population parameter (e.g., mean) based on sample data. 95% CI means if experiment repeated many times, 95% of intervals contain true parameter. Wider interval = more confident but less precise. Narrower interval = more precise but less confident. Calculated as: estimate ± (critical value * standard error). Standard error decreases with larger sample size, so larger samples give tighter CIs. For normal distribution, 95% CI ≈ mean ± 1.96*std_err.","confidence interval,range,parameter,estimate,critical value,standard error,precision,significance"
STAT007,Statistics,Statistics,Hard,"Explain Bayes' theorem and its applications.","Bayes' theorem: P(A|B) = P(B|A) * P(A) / P(B). Calculates posterior probability (updated belief) based on prior and evidence. P(A|B) = probability of A given B. Applications: spam filtering (probability email is spam given it contains words), medical diagnosis (probability patient has disease given positive test), fraud detection. Numerator P(B|A)*P(A) = likelihood * prior. Denominator P(B) = total probability of evidence (normalizing). Bayesian methods gradually update beliefs as more data arrives. Foundation of Bayesian statistics.","Bayes theorem,posterior,prior,likelihood,conditional probability,evidence,update,probability"
STAT008,Statistics,Statistics,Hard,"Explain correlation and causation.","Correlation measures association between variables (-1 to 1 scale). Positive correlation: both increase together. Negative correlation: one increases, other decreases. Correlation doesn't imply causation; variables may be correlated due to common cause (confounding) or coincidence. Example: ice cream sales and drowning deaths correlate (both increase in summer). Causation requires: temporal precedence (cause before effect), covariation (related), no confounding. Established via controlled experiments or careful analysis accounting for confounders. Pearson correlation for continuous variables, Spearman for ordinal.","correlation,causation,confounding,Pearson,Spearman,association,coefficient,temporal"
STAT009,Statistics,Statistics,Medium,"Explain regression analysis (linear and logistic).","Linear regression fits line to data predicting continuous y from x. Equation: y = mx + b. Minimizes sum of squared residuals. R² indicates proportion of variance explained. Logistic regression predicts binary outcome (0 or 1) using sigmoid function. Equation: log(odds) = mx + b where odds = p/(1-p). Coefficients interpreted as log-odds changes. Linear assumes linear relationship; logistic assumes relationship transforms linearly. Both estimate parameters from data. Assumptions: independence of observations, no multicollinearity, correct model specification.","linear regression,logistic regression,continuous,binary,sigmoid,residuals,R²,odds"
STAT010,Statistics,Statistics,Medium,"Explain types of distributions: Binomial, Poisson, Exponential.","Binomial: number of successes in n independent trials, each with probability p. Example: coin flips. Probability mass function: P(k successes) = C(n,k) * p^k * (1-p)^(n-k). Poisson: number of events in fixed interval, events occur independently at constant rate. Example: customer arrivals. Lambda (λ) is average rate. Used when large n, small p. Exponential: time until first event in Poisson process. Memoryless property: P(T>t+s|T>t) = P(T>s). Used for lifetimes, wait times. Each suitable for different scenarios.","Binomial,Poisson,Exponential,distribution,probability,discrete,continuous,rate"
DS001,Data Science,Data Science,Easy,"What is Exploratory Data Analysis (EDA)?","EDA investigates dataset to understand structure, patterns, anomalies before modeling. Steps: load data, check shape/types, compute summary statistics, visualize distributions, explore relationships. Techniques: histograms (distributions), scatter plots (relationships), box plots (outliers), heatmaps (correlations), pair plots. Answers questions: What are data types? Are there missing values? Outliers? Patterns? Correlations? EDA informs feature engineering, model selection, and hypothesis generation. Often takes 40% of data science project time.","EDA,exploration,visualization,summary statistics,distribution,outliers,correlation,patterns"
DS002,Data Science,Data Science,Easy,"Explain missing value handling strategies.","Missing values (NaN, NULL) must be addressed. Strategies: delete rows with missing values (works if few missing, loses data), delete columns with many missing values, mean/median imputation (replace with average), forward/backward fill (time series), K-NN imputation (use k-nearest neighbor values), model-based imputation (predict using other features). Choice depends on: percentage missing, type of missing (MCAR, MAR, MNAR), domain knowledge. Listwise deletion loses power; imputation risks bias if many missing.","missing values,imputation,deletion,NaN,MCAR,MAR,MNAR,strategy"
DS003,Data Science,Data Science,Easy,"Explain outlier detection and handling.","Outliers are extreme values unusual compared to other observations. Detection methods: Z-score (|z| > 3), IQR method (beyond Q1-1.5*IQR or Q3+1.5*IQR), visualizations (box plots, scatter plots). Handling: investigate root cause (data entry error or genuine), delete if erroneous, transform (log), robust algorithms (median instead of mean), keep but flag for analysis. Outliers can indicate errors or genuine extreme events. Sometimes important for analysis. Context matters: outlier in one context is normal in another.","outliers,detection,Z-score,IQR,Q1,Q3,handling,robust"
DS004,Data Science,Data Science,Medium,"Explain data preprocessing and its importance.","Preprocessing prepares raw data for modeling. Steps: handle missing values, remove/fix outliers, encode categorical variables, scale features, split train-test. Importance: raw data often dirty, inconsistent, incomplete. Poor preprocessing leads to poor models. ML algorithms assume certain properties (normalization, no missing values). Garbage in, garbage out. Preprocessing often most time-consuming part of pipeline. Automation tools help but domain knowledge crucial.","preprocessing,cleaning,encoding,normalization,missing values,pipeline,data quality"
DS005,Data Science,Data Science,Medium,"Explain feature engineering and domain knowledge.","Feature engineering creates useful features from raw data. Domain knowledge crucial: understanding business context, data meaning, relationships. Examples: for customer churn, engineer features like days_since_purchase (recency), purchase_frequency, customer_lifetime_value. Good features improve model performance significantly. Techniques: combine features (interactions), create polynomials, binning, one-hot encoding, time-based features. Iterate: engineer, train model, evaluate, refine. Feature engineering is art and science, often more important than algorithm selection.","feature engineering,domain knowledge,context,interactions,time-based,creation,iteration"
DS006,Data Science,Data Science,Medium,"How do you approach a data science project?","Typical workflow: 1) Define problem clearly and success metrics. 2) Gather and explore data (EDA). 3) Preprocess and clean data. 4) Engineer features. 5) Select candidate models. 6) Train and cross-validate. 7) Evaluate and compare. 8) Tune hyperparameters. 9) Deploy and monitor. Iterate between steps. Business understanding crucial from start. Success metrics drive all decisions. Involves stakeholder communication, experimentation, iteration. End goal is actionable insights or predictions used in production.","data science,workflow,problem definition,metrics,experimentation,iteration,deployment"
PD001,Pandas,Pandas,Easy,"What is a Pandas Series and how is it created?","A Series is 1D array-like object with labeled index. Values can be any type. Created with pd.Series(data, index=labels). Data can be: list/array, dictionary (keys become index), scalar. Example: s = pd.Series([1,2,3], index=['a','b','c']). Accessed by label: s['a'] returns 1. Access by position: s.iloc[0] returns 1. Series behaves like dict with additional functionality. Index enables alignment during operations.","Series,1D,labeled,index,pd.Series,access,iloc,loc"
PD002,Pandas,Pandas,Easy,"What is a Pandas DataFrame and how is it different from a Series?","DataFrame is 2D table-like structure with rows and columns (like SQL table). Columns can be different types. Created with pd.DataFrame(data, columns=cols, index=rows). Data can be: dictionary of lists/Series, 2D array, Series. Example: df = pd.DataFrame({'A': [1,2], 'B': [3,4]}). Access columns: df['A'] or df.A returns Series. Access rows: df.loc[row_label] returns Series. Series is single column/row; DataFrame is table. Both have index and labeled access.","DataFrame,2D,table,columns,rows,pd.DataFrame,structure,comparison"
PD003,Pandas,Pandas,Easy,"Explain DataFrame filtering and boolean indexing.","Filtering selects rows meeting conditions. Boolean indexing uses True/False arrays. Example: df[df['age'] > 30] returns rows where age > 30. Creates boolean Series, True for matching rows. Can combine conditions: df[(df['age'] > 30) & (df['salary'] > 50000)]. Use & (and), | (or), ~ (not). Avoid and/or operators. .isin() for checking values: df[df['category'].isin(['A','B'])]. .loc[] combines label-based selection with boolean indexing: df.loc[df['age'] > 30, ['name','salary']].","filtering,boolean indexing,conditions,True/False,&,|,~,.isin(),.loc"
PD004,Pandas,Pandas,Medium,"Explain groupby operation in Pandas.","GroupBy groups data by column values, enabling aggregation. Syntax: df.groupby('column').agg_func(). Example: df.groupby('department')['salary'].mean() returns average salary per department. Aggregation functions: sum(), mean(), count(), min(), max(), std(). Multiple columns: df.groupby(['dept','role'])['salary'].mean(). Multiple aggregations: df.groupby('dept')['salary'].agg(['mean','sum']). Transform applies function to each group: df.groupby('dept')['salary'].transform(lambda x: x - x.mean()). Essential for data summarization.","groupby,aggregate,group,column,agg,transform,mean,sum"
PD005,Pandas,Pandas,Medium,"Explain merge and join operations in Pandas.","Merge combines two DataFrames on columns or index. Syntax: pd.merge(left, right, on='key', how='inner'). How parameter: inner (matching keys only), left (all left keys), right (all right keys), outer (all keys). Example: pd.merge(orders, customers, on='customer_id', how='left'). Join merges on index: left.join(right). Concat stacks DataFrames: pd.concat([df1, df2]). Left merge preserves left rows; inner loses non-matching rows; outer includes all. Important for combining related datasets.","merge,join,concat,on,how,left,right,inner,outer,keys"
PD006,Pandas,Pandas,Medium,"How do you handle missing values in Pandas?","Methods: .isnull() or .isna() returns boolean mask of missing values. .notnull() opposite. .dropna() removes rows with missing values. .fillna(value) replaces missing with specified value. .fillna(method='ffill') forward fill; 'bfill' backward fill. .interpolate() interpolates missing values (useful for time series). Example: df['age'].fillna(df['age'].mean()) replaces age NaN with mean. subset parameter in dropna: df.dropna(subset=['age','salary']). thresh parameter: df.dropna(thresh=n) keeps rows with at least n non-null values.","missing values,NaN,isnull,dropna,fillna,interpolate,ffill,bfill"
PD007,Pandas,Pandas,Medium,"Explain .apply() and .map() in Pandas.","apply() applies function to DataFrame rows/columns or Series. Axis=0 (default) applies to columns; axis=1 applies to rows. Example: df.apply(lambda x: x.sum()) sums each column. map() applies function to Series values. Example: df['gender'].map({'M': 'Male', 'F': 'Female'}) maps values. applymap() (DataFrame.applymap() in older versions, map() in newer) applies to all elements. apply() accepts numpy functions for vectorization. Use apply for custom operations; map for simple replacements; vectorized operations when possible (faster).","apply,map,applymap,function,axis,lambda,vectorization,efficiency"
PD008,Pandas,Pandas,Hard,"Explain pivot tables in Pandas.","Pivot tables reshape data. Syntax: pd.pivot_table(data, values='metric', index='rows', columns='columns', aggfunc='mean'). Example: sales by region (rows) and quarter (columns), showing average revenue. Aggfunc: 'mean', 'sum', 'count', etc. .pivot() is simpler but requires unique row/column combinations. Useful for cross-tabulation and summary reports. Margins=True adds totals. Fill_value fills missing. pivot_table more flexible than pivot for handling duplicates via aggregation.","pivot table,reshape,index,columns,aggfunc,cross-tabulation,summary"
NP001,NumPy,NumPy,Easy,"What is a NumPy array and how is it created?","NumPy array is efficient multidimensional array object. Created with np.array(list), np.zeros(shape), np.ones(shape), np.arange(start,stop,step), np.linspace(start,stop,num). Arrays are homogeneous (all elements same type), efficient (C implementation), vectorized (fast operations). Example: arr = np.array([1,2,3]). Shape property shows dimensions: arr.shape returns (3,). Size property shows total elements: arr.size returns 3. Arrays better than Python lists for numerical computing.","NumPy,array,n-dimensional,vectorized,efficient,shape,size,homogeneous"
NP002,NumPy,NumPy,Easy,"Explain NumPy array indexing and slicing.","Indexing accesses single elements: arr[0] returns first element. Slicing accesses ranges: arr[1:3] returns elements 1-2 (3 excluded). Negative indexing: arr[-1] returns last element. 2D array: arr[0,1] returns row 0, column 1. Advanced indexing with array: arr[[0,2,3]] returns elements at indices 0,2,3. Boolean indexing: arr[arr > 5] returns elements > 5. Slicing doesn't copy (returns view); use arr.copy() for copy. Slicing with step: arr[::2] every 2nd element. Efficient for filtering and extracting subsets.","indexing,slicing,negative,multi-dimensional,boolean,advanced,copy,view"
NP003,NumPy,NumPy,Medium,"Explain NumPy array shape and reshape.","Shape is tuple of array dimensions. 1D: (n,), 2D: (n,m), 3D: (n,m,p). reshape(new_shape) changes shape without copying data. Example: arr.reshape(2,3) converts 6-element 1D array to 2×3 matrix. flatten() returns 1D copy. ravel() returns 1D view. Reshape doesn't allocate new data (view). Size must match: can't reshape 6 elements to (2,5). reshape(-1) auto-calculates dimension: reshape(-1,3) converts to (n,3) with n auto-calculated. Essential for operations requiring specific shapes.","shape,reshape,flatten,ravel,view,dimension,size,permutation"
NP004,NumPy,NumPy,Medium,"Explain NumPy broadcasting.","Broadcasting allows operations on arrays of different shapes. Rules: 1) dimensions must be equal or one must be 1, 2) arrays aligned from right, 3) missing dimensions treated as 1. Example: (5,1) array + (1,3) array broadcasts to (5,3). Scalar broadcasts to any shape. Avoids explicit loops; faster. Example: arr + 5 adds 5 to each element. Common: subtracting column mean from each column (center data). Powerful but confusing; understand rules. Saves memory and improves performance vs explicit loops.","broadcasting,shapes,alignment,dimension,efficiency,memory,vectorization"
NP005,NumPy,NumPy,Medium,"Explain NumPy aggregate functions and axis parameter.","Aggregate functions compute summary statistics. sum(), mean(), std(), min(), max(), prod(). Axis parameter determines aggregation direction: axis=None (default) aggregates all (scalar result), axis=0 along rows (result is 1D array of column values), axis=1 along columns (result is 1D array of row values). Example: arr.sum(axis=0) sums each column. For 3D: axis=0 collapses along dimension 0. cumsum(), cumprod() compute cumulative operations. all(), any() check boolean conditions. keepdims=True maintains dimension.","aggregate,sum,mean,std,axis,cumsum,reduction,dimensionality"
NP006,NumPy,NumPy,Hard,"Explain vectorization and why it's important.","Vectorization uses NumPy operations instead of Python loops. Example: instead of for loop squaring each element, use arr**2. Vectorized operations are 10-100x faster (implemented in C). Reduces Python interpreter overhead. Enables leveraging BLAS/LAPACK libraries. Example: dot product as loop vs np.dot(). Where possible, vectorize. Operations: element-wise (+, -, *, /), matrix operations (dot, outer, cross, inv), reductions (sum, mean). Learning vectorization is key to NumPy mastery and efficient numerical computing.","vectorization,efficiency,performance,C implementation,BLAS,loops,NumPy operations"
SK001,Scikit-learn,Scikit-learn,Easy,"What is train-test split and why is it important?","Train-test split divides data into training set (learn parameters) and test set (evaluate performance). Typical split: 70-80% train, 20-30% test. From sklearn: from sklearn.model_selection import train_test_split; X_train, X_test, y_train, y_test = train_test_split(X, y, test_size=0.2). Important because: training error underestimates true error (overfitting); test error estimates generalization. Always evaluate on unseen test data. Random seed ensures reproducibility. Stratified split preserves class distribution (important for imbalanced data).","train-test split,training set,test set,evaluation,generalization,overfitting,stratified"
SK002,Scikit-learn,Scikit-learn,Easy,"What is a pipeline in Scikit-learn?","Pipeline chains preprocessing and modeling steps. Syntax: from sklearn.pipeline import Pipeline; pipe = Pipeline([('scaler', StandardScaler()), ('model', LogisticRegression())]). Fit entire pipeline: pipe.fit(X_train, y_train). Pipeline automatically applies transformations in order. Prevents data leakage (fit scaler on train, apply to test). Simplifies code. Hyperparameters accessible: pipe['scaler'].get_params(). Pipeline essential for production code; ensures reproducibility and correctness.","pipeline,preprocessing,transformers,estimators,fit,transform,data leakage"
SK003,Scikit-learn,Scikit-learn,Easy,"What is feature scaling and why is needed?","Feature scaling normalizes feature ranges. Methods: StandardScaler (mean=0, std=1), MinMaxScaler (0-1 range), RobustScaler (robust to outliers). From sklearn: from sklearn.preprocessing import StandardScaler; scaler = StandardScaler(); X_scaled = scaler.fit_transform(X_train). Important for: algorithms sensitive to scale (KNN, SVM, neural networks), gradient descent convergence, fair feature importance. Not needed for tree-based models (decision trees, random forests). Always fit scaler on training data, apply to test data (prevents leakage). Include scaler in pipeline.","feature scaling,StandardScaler,MinMaxScaler,normalization,fit,transform,data leakage"
SK004,Scikit-learn,Scikit-learn,Medium,"Explain cross-validation in Scikit-learn.","cross_val_score() evaluates model using k-fold cross-validation. Syntax: from sklearn.model_selection import cross_val_score; scores = cross_val_score(model, X, y, cv=5). Returns array of scores (one per fold). Mean and std of scores estimate generalization. Better than single train-test split; uses all data for training and testing. Stratified CV for classification: StratifiedKFold. Leave-One-Out CV: LeaveOneOut() (expensive). Shuffle split: ShuffleSplit. Time series CV: TimeSeriesSplit (maintains temporal order).","cross-validation,cross_val_score,k-fold,stratified,generalization,scores"
SK005,Scikit-learn,Scikit-learn,Medium,"What is GridSearchCV and how is it used?","GridSearchCV searches optimal hyperparameters by grid search. Syntax: from sklearn.model_selection import GridSearchCV; grid = GridSearchCV(model, param_grid, cv=5); grid.fit(X_train, y_train). param_grid is dictionary: {'max_depth': [3,5,7], 'min_samples_split': [2,5,10]}. Tests all combinations. Returns best_params_, best_score_, best_estimator_. Computationally expensive (exponential with parameters). RandomizedSearchCV samples random combinations (faster). Essential for hyperparameter tuning. Use cross-validation within each fold.","GridSearchCV,hyperparameter tuning,param_grid,best_params,CV,RandomizedSearchCV"
SK006,Scikit-learn,Scikit-learn,Medium,"Explain preprocessing techniques: encoding and scaling.","Encoding converts categorical variables to numerical. LabelEncoder for ordinal (1,2,3,...). OneHotEncoder for nominal (creates binary columns). from sklearn.preprocessing import LabelEncoder, OneHotEncoder. Scaling normalizes features. StandardScaler (z-score), MinMaxScaler (0-1), RobustScaler. Preprocessing improves model performance and convergence. Pipeline chains preprocessing with modeling. fit() on training data, apply to test data (prevents leakage). Transformers have fit() and transform(); fit_transform() does both.","encoding,scaling,LabelEncoder,OneHotEncoder,StandardScaler,preprocessing,categorical"
DL001,Deep Learning,Deep Learning,Easy,"Explain what a neural network is.","Neural network is computational model mimicking biological neurons. Consists of layers: input (features), hidden (learned representations), output (predictions). Neurons (nodes) connected by weighted edges. Forward pass: input → hidden → output (computations). Each neuron computes: weighted sum of inputs + bias through activation function. Network learns by adjusting weights to minimize loss (training). Deep learning uses neural networks with many layers. Universal approximator theorem: sufficiently large network approximates any function. Requires data and computation.","neural network,layers,neurons,weights,activation,forward pass,deep learning"
DL002,Deep Learning,Deep Learning,Easy,"Explain activation functions in neural networks.","Activation functions introduce non-linearity, enabling networks to learn complex patterns. Common: ReLU (Rectified Linear Unit) max(0,x) (popular, fast), Sigmoid 1/(1+e^-x) (0-1 range, older), Tanh (−1 to 1 range), Softmax (multi-class probabilities). Without activation, network is just linear combinations (limited). ReLU preferred for hidden layers (fast, avoids vanishing gradient). Sigmoid/Softmax for output layers (probabilities). Leaky ReLU addresses dying ReLU (always 0 for x<0). Choosing activation affects training and performance.","activation function,ReLU,Sigmoid,Tanh,Softmax,non-linearity,output"
DL003,Deep Learning,Deep Learning,Medium,"Explain loss functions and why they're important.","Loss function measures how wrong model predictions are. For regression: Mean Squared Error (MSE), Mean Absolute Error (MAE). For classification: Cross-entropy (binary or categorical), Hinge loss. Goal: minimize loss during training. Loss guides weight updates via backpropagation. Different losses suit different tasks. Cross-entropy better for classification than MSE. Choice affects learning and convergence. Loss function must be differentiable for gradient computation. Monitoring loss during training indicates convergence or problems. Validation loss checks generalization (should decrease but not overfit).","loss function,MSE,MAE,cross-entropy,minimize,backpropagation,gradient"
DL004,Deep Learning,Deep Learning,Medium,"Explain backpropagation in neural networks.","Backpropagation computes gradients of loss with respect to weights, enabling learning. Forward pass: propagate input through network, compute loss. Backward pass: propagate error backward, compute partial derivatives (chain rule). Update weights opposite to gradient direction (gradient descent). Repeat for multiple epochs. Key insight: chain rule enables efficient gradient computation through layers. Without backpropagation, computing gradients would be intractable. Implemented in all deep learning frameworks (TensorFlow, PyTorch). Requires loss function and activation functions to be differentiable.","backpropagation,gradients,chain rule,forward pass,backward pass,gradient descent,learning"
DL005,Deep Learning,Deep Learning,Medium,"Explain optimizers: SGD, Adam, RMSprop.","Optimizers update weights based on gradients. SGD (Stochastic Gradient Descent) basic: weights -= learning_rate * gradient. Momentum accelerates convergence, adds previous gradient direction. Adam (Adaptive Moment Estimation) combines momentum and RMSprop, adapts learning rate per weight. RMSprop normalizes by root mean square of gradients. Adam default choice (works well broadly). Learning rate critical: too high (oscillates), too low (slow). Learning rate scheduling (decay over time) helps. Batch size affects gradient (smaller = noisy). Momentum/Adam handle this well.","optimizer,SGD,Adam,RMSprop,learning rate,momentum,gradient descent,convergence"
DL006,Deep Learning,Deep Learning,Medium,"What is a Convolutional Neural Network (CNN)?","CNN specializes in image data. Convolutional layers apply filters (kernels) detecting local features (edges, textures). Pooling layers reduce dimensionality (max pooling, average pooling). Architecture: conv → relu → pool → ... → flatten → dense. Filters automatically learn during training. Convolutional layers share weights (reduces parameters vs fully connected). Spatial structure preserved. State-of-the-art for image classification, detection, segmentation. Examples: VGG, ResNet, Inception. Transfer learning uses pre-trained CNNs on new tasks.","CNN,convolutional,filters,kernels,pooling,feature detection,image,architecture"
DL007,Deep Learning,Deep Learning,Medium,"Explain recurrent neural networks (RNN) and LSTM.","RNN processes sequences where previous outputs influence current. Hidden state carries information from previous steps. Recurrent connections allow information flow across time. Training via Backpropagation Through Time (BPTT). Problem: vanishing/exploding gradients in long sequences. LSTM (Long Short-Term Memory) solves this using gates: input gate, forget gate, output gate, cell state. Cell state acts as memory, gates control information flow. GRU (Gated Recurrent Unit) simpler alternative. Used for: language modeling, machine translation, time series. Bidirectional RNN processes sequence both directions.","RNN,recurrent,LSTM,gate,cell state,sequence,time series,vanishing gradient"
DL008,Deep Learning,Deep Learning,Hard,"Explain transformers and attention mechanism.","Attention mechanism computes weighted sum of values based on query-key similarity. Enables model to focus on relevant parts. Multi-head attention: multiple attention computations in parallel. Self-attention: query, key, value from same source. Transformer architecture: self-attention → feed-forward → layer norm, stacked. No recurrence (unlike RNN); can process entire sequence in parallel (faster). Positional encoding adds position information. Used in: BERT, GPT, machine translation. Attention visualizations show which tokens model attends to. State-of-the-art for NLP tasks.","attention,transformer,self-attention,multi-head,query,key,value,BERT,GPT"
DL009,Deep Learning,Deep Learning,Medium,"Explain dropout and batch normalization.","Dropout randomly deactivates neurons during training (probability p). Forces network to learn redundant representations (regularization). Reduces co-adaptation. Applied only during training, not testing. Prevents overfitting. Batch normalization normalizes layer inputs (mean=0, std=1) per batch. Stabilizes training, allows higher learning rates, acts as regularizer. Applied before activation. Reduces internal covariate shift. Both improve generalization. Use together with other regularization (L1, L2). Hyperparameters: dropout rate (0.5 typical), batch norm momentum.","dropout,batch normalization,regularization,overfitting,co-adaptation,training,inference"
DL010,Deep Learning,Deep Learning,Hard,"Explain vanishing and exploding gradients.","During backpropagation, gradients multiplied by many small numbers (vanishing) or large numbers (exploding). Vanishing: gradients become too small, weights don't update, learning stalls. Common in deep networks with sigmoid/tanh (slopes < 1). Exploding: gradients become too large, weights oscillate, unstable. Solutions: ReLU activation (slope = 1 for x > 0), LSTM/GRU gates, gradient clipping, careful weight initialization. Skip connections (ResNet) help gradients flow. Understanding is crucial for training deep networks. Happens more in RNNs than CNNs.","vanishing gradient,exploding gradient,sigmoid,ReLU,LSTM,skip connections,backpropagation"
ALG001,Data Structures & Algorithms,Data Structures & Algorithms,Easy,"Explain basic data structures: Arrays, Linked Lists, Stacks, Queues.","Array: fixed-size ordered collection, O(1) access, O(n) insertion/deletion. Linked List: nodes connected by pointers, O(n) access, O(1) insertion if position known. Stack (LIFO): Last-In-First-Out, push/pop O(1), used in function calls, undo. Queue (FIFO): First-In-First-Out, enqueue/dequeue O(1), used in scheduling, BFS. Trade-offs: arrays fast access; linked lists flexible size. Choose based on operations needed. Python: list (array), collections.deque (both stack and queue).","data structure,array,linked list,stack,queue,LIFO,FIFO,Big O"
ALG002,Data Structures & Algorithms,Data Structures & Algorithms,Easy,"Explain hash maps and their importance.","Hash map stores key-value pairs with O(1) average lookup/insertion/deletion. Uses hash function mapping keys to indices. Collision handling: chaining (linked lists) or open addressing. Python dict is hash map. Unordered (insertion order preserved in Python 3.7+). Enables fast lookups vs arrays (O(n)). Use for: caching, counting occurrences, two-sum problems. Memory trade-off: uses more space than arrays. Bad hash function causes collisions, degrading performance. For sorted keys, use balanced trees.","hash map,hash table,key-value,hash function,collision,lookup,O(1),dictionary"
ALG003,Data Structures & Algorithms,Data Structures & Algorithms,Medium,"Explain trees and tree traversal methods.","Tree is hierarchical data structure. Binary tree: each node ≤2 children. Root (top node), leaves (no children), internal nodes. Binary search tree (BST): left < parent < right, enables efficient search. Tree traversal: Inorder (left-root-right, sorted in BST), Preorder (root-left-right), Postorder (left-right-root), Level-order (BFS). Recursive or iterative implementations. Height: longest path from root to leaf. Balanced tree has height O(log n). Unbalanced tree (chain) has height O(n).","tree,binary tree,BST,traversal,inorder,preorder,postorder,height"
ALG004,Data Structures & Algorithms,Data Structures & Algorithms,Medium,"Explain graphs and graph representation.","Graph consists of nodes (vertices) and edges (connections). Undirected (edges bidirectional), directed (arrows). Weighted (edges have values) or unweighted. Representations: adjacency list (dict/list of neighbors, space O(V+E)), adjacency matrix (2D array, space O(V²)), edge list (list of edges). Adjacency list typical for sparse graphs. Traversal: DFS (depth-first, stack-based), BFS (breadth-first, queue-based). Applications: social networks, routing, recommendation systems. Graph algorithms: shortest path (Dijkstra, Bellman-Ford), minimum spanning tree, topological sort.","graph,node,edge,weighted,directed,adjacency list,adjacency matrix,DFS,BFS"
ALG005,Data Structures & Algorithms,Data Structures & Algorithms,Medium,"Explain sorting algorithms: Quick Sort, Merge Sort, Heap Sort.","Quick Sort: pivot-based, average O(n log n), worst O(n²), in-place, unstable, cache-friendly. Merge Sort: divide-and-conquer, O(n log n) guaranteed, O(n) space, stable, used in Python sorted(). Heap Sort: heap-based, O(n log n), in-place, unstable, rarely practical. Radix sort O(nk) for small k (non-comparison). Insertion sort O(n²) but fast for small arrays. Tim Sort (Python default): hybrid of merge and insertion, O(n) best case. Choose based on: data characteristics, stability requirement, space constraints.","sorting,Quick Sort,Merge Sort,Heap Sort,Big O,stability,in-place,comparison"
ALG006,Data Structures & Algorithms,Data Structures & Algorithms,Medium,"Explain searching algorithms: Binary Search, Linear Search.","Linear Search: iterate through array, O(n) time, works on unsorted. Binary Search: divide and conquer on sorted array, O(log n) time, requires sorted data. Binary search pseudocode: left=0, right=n-1, while left≤right: mid=(left+right)/2, if arr[mid]==target return mid, else if arr[mid]<target left=mid+1 else right=mid-1. Extremely fast (sorted 1M elements searched in ~20 comparisons). Basis for bisect module in Python. Always check array is sorted before using binary search.","binary search,linear search,O(n),O(log n),sorted,searching,algorithm"
ALG007,Data Structures & Algorithms,Data Structures & Algorithms,Hard,"Explain recursion and provide examples.","Recursion: function calls itself with simpler input until base case. Every recursive call must progress toward base case (termination). Examples: factorial (n! = n * (n-1)!), Fibonacci, tree traversal, permutations. Advantages: natural for hierarchical/tree problems, elegant code. Disadvantages: slower than iteration, stack overflow risk (deep recursion), space O(depth). Tail recursion (last operation is recursive call) can be optimized by compiler. Memoization (caching results) prevents redundant calculations. Python default recursion limit ~1000 (can increase but risky).","recursion,base case,factorial,Fibonacci,tree traversal,memoization,stack overflow"
ALG008,Data Structures & Algorithms,Data Structures & Algorithms,Hard,"Explain dynamic programming and provide examples.","Dynamic Programming solves problems by breaking into overlapping subproblems, storing results (memoization) to avoid redundant computation. Examples: Fibonacci (overlapping calls), Longest Common Subsequence, 0/1 Knapsack, Coin Change. Two approaches: top-down (recursion + memoization), bottom-up (iterative, build table). Fibonacci: naive O(2^n), DP O(n). Conditions for DP: optimal substructure (optimal solution from optimal subproblems), overlapping subproblems. Requires identifying state (what to memoize) and transition (how to compute).","dynamic programming,memoization,subproblem,optimal,Fibonacci,Knapsack,state,transition"
ALG009,Data Structures & Algorithms,Data Structures & Algorithms,Hard,"Explain Big O notation and complexity analysis.","Big O describes asymptotic worst-case time complexity as input size n grows. Common: O(1) constant, O(log n) logarithmic, O(n) linear, O(n log n), O(n²) quadratic, O(2^n) exponential, O(n!) factorial. Focus on dominant term, ignore constants. Examples: linear search O(n), binary search O(log n), sorting O(n log n), nested loops O(n²). Space complexity: memory used. Algorithm selection based on input size: O(n²) acceptable for n=1000, too slow for n=1M. Asymptotic analysis ignores constants; practical performance may differ.","Big O,complexity,time,space,O(n),O(n²),O(log n),constant,linear"
ALG010,Data Structures & Algorithms,Data Structures & Algorithms,Hard,"Explain shortest path algorithms: Dijkstra, Bellman-Ford.","Dijkstra finds shortest path in weighted graph (non-negative weights). Greedy algorithm: repeatedly pick unvisited node with smallest distance from start. Time O(E log V) with priority queue. Handles single source to all destinations. Bellman-Ford: handles negative weights, detects negative cycles. Time O(VE). Relaxes all edges V-1 times. If distance improves after V-1 iterations, negative cycle exists. Floyd-Warshall O(V³) all-pairs shortest path. A* heuristic-based, faster in practice. Choose Dijkstra for non-negative weights (faster), Bellman-Ford for negative weights.","shortest path,Dijkstra,Bellman-Ford,Floyd-Warshall,A*,weighted graph,algorithm"
BEH001,Behavioral / HR,Behavioral / HR,Easy,"Answer: Tell me about yourself.","Structure: background (education, work experience), current role/focus, skills relevant to position, career goals. Be concise (1-2 minutes). Example: Started as data analyst (3 years), moved to ML engineering role (2 years), passionate about building production systems, strong in Python, SQL, ML pipeline development. Why this company/role: research company values, role requirements, how skills align. Avoid generic responses. Show enthusiasm. Practice beforehand. End with: What would you like to know? Tailor to job description. Authenticity matters; memorization sounds robotic.","introduction,background,experience,skills,goals,concise,authentic,relevance"
BEH002,Behavioral / HR,Behavioral / HR,Easy,"Describe a situation where you overcame a challenge.","STAR method: Situation (context), Task (what you needed to do), Action (what you did), Result (outcome). Example: Situation: project behind schedule. Task: need to accelerate. Action: identified bottlenecks, optimized queries, parallelized work. Result: delivered on time, 20% performance improvement. Be specific (avoid generic). Quantify results. Focus on your actions and learnings. Multiple examples prepared (technical, teamwork, leadership). Authentic experiences more compelling than hypothetical. This reveals problem-solving, resilience, initiative. Employers want to see how you handle adversity.","challenge,STAR,situation,task,action,result,specific,authentic"
BEH003,Behavioral / HR,Behavioral / HR,Medium,"What are your strengths and weaknesses?","Strengths: be honest, relevant to role. Examples: analytical, attention to detail, communication, learning agility. Provide evidence/examples. Weaknesses: frame as area for growth, not a deal-breaker. Examples: perfectionism (learning to balance quality/speed), new to leadership (taking courses), public speaking (practicing). Show self-awareness and commitment to improvement. Avoid: generic (everyone has them), unrelated to role, dealbreakers (unreliability). Prepare 2-3 for each. Practice delivery; authenticity crucial. They want to know: self-awareness, whether weakness affects role, growth mindset.","strengths,weaknesses,self-awareness,growth,honest,relevant,evidence"
BEH004,Behavioral / HR,Behavioral / HR,Medium,"Describe a time you worked in a team. How did you contribute?","Discuss team setting, your role, contribution. Example: cross-functional project, owned data pipeline, collaborated with engineers/analysts, communicated progress, resolved conflicts. Show: collaboration, communication, reliability, problem-solving. Specific example > generic answer. STAR method works. Highlight: how you enabled team success, how you communicated, how you handled disagreement. Avoid: overstating your role, blaming others. They want: team player, communication, reliability, ability to work toward shared goals, respect for others' expertise.","team,collaboration,contribution,communication,conflict resolution,success"
BEH005,Behavioral / HR,Behavioral / HR,Medium,"Tell me about a time you failed or made a mistake.","Don't hide; show how you handled and learned. Example: built model, didn't validate on holdout set, poor production performance. Action: investigated root cause, added validation pipeline, fixed issue. Learning: importance of rigorous evaluation, production discipline. Frame positively: show humility, problem-solving, learning. Avoid: blaming others, defensive tone, trivial examples. They want: honesty, learning mindset, accountability, resilience. Choose significant example where you took responsibility, fixed it, improved. Shows maturity and growth orientation.","failure,mistake,learning,accountability,resilience,root cause,improvement"
BEH006,Behavioral / HR,Behavioral / HR,Medium,"Why do you want to work for this company? Why this role?","Research company: mission, products, culture, recent news. Role research: responsibilities, team, impact. Connect: values alignment, skill match, growth opportunity, mission resonance. Example: Company's focus on AI accessibility aligns with my passion for democratizing ML. Role's scope on deployment systems matches my strength in production engineering. Avoid: generic, clichéd, money-focused. Specific details show genuine interest. Ask questions about role/team. Mutual fit matters. Authenticity > perfectly polished answer.","motivation,company research,values alignment,growth,role,fit"
BEH007,Behavioral / HR,Behavioral / HR,Hard,"Walk me through a technical project you've built end-to-end.","Structure: problem statement (what you were solving, why it mattered), approach (architecture, tech choices, trade-offs), challenges (technical hurdles, how overcome), results (metrics, impact), learnings. Example: Built recommendation system: problem (engagement), approach (collaborative filtering + deep learning), challenge (scale - optimized with caching), results (15% engagement lift), learnings (importance of online evaluation). Practice delivery: technical depth + story. Interviewer may dig into tech (be ready to defend choices). Show business understanding (why metrics matter). End-to-end: requirements → design → build → test → deploy → measure.","project,end-to-end,architecture,challenges,results,metrics,learning,technical"
BEH008,Behavioral / HR,Behavioral / HR,Hard,"Describe a time you learned something new quickly.","Self-directed learning example. Context: new technology/domain needed. Action: took courses, read docs, built POC, asked experts. Timeline: compressed (weeks). Result: contributed significantly. Shows: learning agility, resourcefulness, growth mindset, initiative. Tech industry values continuous learning. Examples: new language/framework, ML concept, domain (healthcare, finance). Avoid: course = learning (show application). Success story > struggle story (but ok to mention difficulty overcome). This reveals: can you adapt to rapidly changing environment? Are you self-motivated?","learning,new skills,self-directed,agility,resourcefulness,POC,growth mindset"
BEH009,Behavioral / HR,Behavioral / HR,Hard,"Tell me about conflict with a colleague and how you resolved it.","Honest, professional example. Context: disagreement (technical approach, process, priority). Your action: listened (understand their perspective), found common ground, discussed trade-offs, reached compromise/decision, moved forward. Result: better solution, relationship maintained. Learning: importance of communication, respect for different views. Avoid: blaming, holding grudge, unresolved. Show: maturity, communication, empathy, resolution focus. Everyone has conflicts; how you handle matters. Professional respect despite disagreement is key. Show you can disagree constructively and move forward.","conflict,resolution,perspective,compromise,communication,empathy,professional"
PY024,Python,Python,Hard,"Explain what a closure is in Python with an example.","A closure is a nested function that captures variables from its enclosing function's scope even after the outer function returns. Example: def outer(x): def inner(): return x*2; return inner. inner function 'remembers' x. Closures enable function factories and decorators. Variables captured by value if reassigned, by reference if modified in nested function. Nonlocal keyword allows inner function to modify outer scope variables. Example: counter = outer_counter(); counter() increments shared counter. Closures combine function and environment (state). Powerful for callbacks, event handlers, decorators.","closure,nested function,scope,nonlocal,capture,decorator,callback,environment"
PY025,Python,Python,Medium,"Explain slice objects and advanced slicing techniques.","Slicing creates subsequences using syntax [start:stop:step]. Slice objects: slice(start, stop, step) can be assigned or reused. Example: s = slice(1, 5, 2) then arr[s] equivalent to arr[1:5:2]. Negative indices: arr[-3:] last 3 elements. Negative step reverses: arr[::-1] reverses list. Multiple colons extend to multiple dimensions: arr[1:3, 2:5] for 2D. Named slices improve readability: MIDDLE = slice(1, -1). Custom __getitem__ enables slicing for user classes. Slicing creates views or copies depending on type.","slicing,slice object,start,stop,step,negative,reverse,indexing"
PY026,Python,Python,Easy,"What is the difference between deepcopy and shallow copy?","Shallow copy copies object but not nested objects. Nested objects point to same originals. Example: a = [[1,2], [3,4]]; b = a.copy(); modify b[0][0] also changes a[0][0]. Deep copy copies object and recursively copies all nested objects. Example: import copy; b = copy.deepcopy(a); modify b[0][0] doesn't affect a. Use copy.copy() for shallow, copy.deepcopy() for deep. Important when objects contain mutable nested collections. Performance: deep copy slower but safer.","deepcopy,shallow copy,nested,mutable,copy module,recursive,safety"
PY027,Python,Python,Medium,"Explain the '*' and '**' operators for unpacking.","* unpacks iterables into positional arguments. Example: args = [1,2,3]; func(*args) passes as func(1,2,3). In function definition: def func(*args) collects into tuple. ** unpacks dictionaries into keyword arguments. Example: kwargs = {'x': 1, 'y': 2}; func(**kwargs) passes as func(x=1, y=2). In definition: def func(**kwargs) collects into dictionary. Can combine: def func(*args, **kwargs). Extended unpacking: a, *middle, z = [1,2,3,4,5] assigns a=1, middle=[2,3,4], z=5.","unpacking,*,**,args,kwargs,operator,dictionary,iterable"
PY028,Python,Python,Hard,"Explain Python's descriptor protocol and how properties use it.","Descriptors implement __get__, __set__, __delete__ methods, intercepting attribute access. Properties are descriptors. Data descriptors define __set__; non-data only __get__. Data descriptors override instance __dict__. Example: class Descriptor: def __get__(self, obj, type): ...; def __set__(self, obj, value): ... Property decorator creates data descriptor. Used for computed properties, validation, lazy loading. Descriptors more powerful than properties (enable custom behavior). Understanding descriptors crucial for advanced Python.","descriptor protocol,__get__,__set__,__delete__,property,attribute access,interception"
PY029,Python,Python,Easy,"What are comprehensions? Explain dict and set comprehensions.","Comprehensions create collections concisely. List: [expr for item in iterable if condition]. Dict: {key: value for item in iterable if condition}. Set: {expr for item in iterable if condition}. Tuple: (expr for item in iterable) (generator, not stored). All faster than loops. Example: {x: x**2 for x in range(5)} creates {0:0, 1:1, 2:4, 3:9, 4:16}. Nested: {x: [y for y in range(x)] for x in range(3)}. Readability: simple comprehensions clear; complex ones use loops. Pythonic way.","comprehension,list,dict,set,generator,concise,nested,Pythonic"
PY030,Python,Python,Medium,"Explain abstractmethod and abstract base classes (ABC).","Abstract base classes define interfaces enforcing subclass implementation. Use abc module. @abstractmethod decorator marks methods subclasses must implement. Example: from abc import ABC, abstractmethod; class Animal(ABC): @abstractmethod def speak(self). Subclass must implement speak or it's abstract too. Instantiating abstract class raises TypeError. Useful for defining contracts, frameworks, plugin systems. Multiple inheritance with ABC possible. isinstance() checks if object follows interface even without inheriting (structural vs nominal).","abstractmethod,ABC,abstract base class,interface,inheritance,implementation,contract"
PY031,Python,Python,Hard,"Explain asyncio and async/await for asynchronous programming.","Asyncio enables asynchronous I/O using coroutines. async def function defines coroutine. await keyword pauses and resumes (not blocking). Example: async def fetch(url): data = await get(url); process(data). asyncio.run() runs coroutine. asyncio.gather() runs multiple concurrently. Event loop manages execution. Concurrency (not parallelism): single thread, interleaved execution, context switches at await. Useful for I/O-bound (network, file) operations. Avoids overhead of threading. Code remains readable compared to callbacks.","asyncio,async,await,coroutine,event loop,concurrent,I/O-bound,non-blocking"
SQL016,SQL,SQL,Hard,"Explain transaction control: COMMIT, ROLLBACK, SAVEPOINT.","Transaction is unit of work ensuring data consistency. COMMIT saves changes permanently. ROLLBACK undoes changes since transaction start. SAVEPOINT creates checkpoint within transaction, ROLLBACK TO reverts to checkpoint. Example: BEGIN; INSERT...; SAVEPOINT sp1; UPDATE...; ROLLBACK TO sp1; DELETE...; COMMIT. Atomicity: all-or-nothing (all succeed or all fail). Isolation levels control concurrency (SERIALIZABLE, REPEATABLE READ, READ COMMITTED, READ UNCOMMITTED). Deadlocks possible when transactions conflict. Transactions crucial for data integrity.","transaction,COMMIT,ROLLBACK,SAVEPOINT,atomicity,isolation,consistency,deadlock"
SQL017,SQL,SQL,Medium,"Explain LIKE and pattern matching in SQL.","LIKE operator searches for pattern in text. '%' matches any characters (0 or more). '_' matches single character. Example: SELECT * FROM users WHERE email LIKE '%@gmail.com'. Case-insensitive by default (database-dependent). LIKE '%_%._%' matches email pattern (contains @). ILIKE (PostgreSQL) case-insensitive. NOT LIKE negates. Wildcard positions: LIKE 'J%' starts with J, LIKE '%J%' contains J. REGEXP (MySQL, PostgreSQL) regex patterns (more powerful but complex). Performance: pattern matching slower than exact match; indexes may not help.","LIKE,pattern matching,%,_,wildcard,regex,case-insensitive"
SQL018,SQL,SQL,Medium,"Explain DISTINCT and COUNT(DISTINCT column).","DISTINCT removes duplicates from results. SELECT DISTINCT city FROM users returns unique cities. COUNT(DISTINCT column) counts unique values. Example: SELECT COUNT(DISTINCT user_id) counts unique users. Without DISTINCT, COUNT(user_id) counts all rows (including duplicates). Useful for data quality checks (how many unique values in column). Performance: DISTINCT slower on large datasets; group by alternative. Example: SELECT city, COUNT(*) FROM users GROUP BY city (groups by unique cities, counts per city).","DISTINCT,unique,COUNT,removal,duplicate,group by,alternative"
SQL019,SQL,SQL,Easy,"Explain LIMIT and OFFSET for pagination.","LIMIT restricts number of rows returned. SELECT * FROM users LIMIT 10 returns first 10 rows. OFFSET skips rows. SELECT * FROM users LIMIT 10 OFFSET 20 skips 20, returns next 10 (rows 21-30). Pagination: LIMIT n OFFSET (page-1)*n. Example: page 3, size 10: LIMIT 10 OFFSET 20. ORDER BY should precede LIMIT for consistent ordering. LIMIT 0 returns no rows. Useful for UI pagination, APIs. Alternative: LIMIT n ROWS FETCH FIRST n ROWS (SQL standard).","LIMIT,OFFSET,pagination,rows,page,skip,ORDER BY,consistent"
SQL020,SQL,SQL,Hard,"Explain triggers and stored procedures.","Trigger automatically executes in response to INSERT, UPDATE, or DELETE. Example: CREATE TRIGGER log_insert AFTER INSERT ON users BEGIN INSERT INTO audit_log VALUES(...); END. Stored procedure is reusable SQL code. Example: CREATE PROCEDURE get_user(IN user_id INT) BEGIN SELECT * FROM users WHERE id = user_id; END. CALL get_user(5) executes. Procedures reduce network traffic (logic server-side). Triggers enforce business rules, maintain audit trails. Drawbacks: logic in database (hard to version, test); reduces flexibility. Use judiciously.","trigger,stored procedure,AFTER,BEFORE,business rule,audit,reusable,database logic"
ML016,Machine Learning,Machine Learning,Medium,"Explain label encoding and one-hot encoding.","Both convert categorical variables to numerical. Label encoding assigns integer to each category. Example: ['red', 'green', 'blue'] → [0, 1, 2]. Fast, works with tree models. Problem: implies order (blue > red), doesn't work with distance-based algorithms. One-hot encoding creates binary column per category. Example: red = [1,0,0], green = [0,1,0]. No implied order, works with all algorithms. Problem: increases dimensionality (curse of dimensionality with many categories). Use label encoding for tree models; one-hot for others. Binary encoding (intermediate, uses log2(n) bits) for many categories.","label encoding,one-hot encoding,categorical,ordinal,binary encoding,dimensionality,sparse"
ML017,Machine Learning,Machine Learning,Hard,"Explain gradient descent and stochastic gradient descent (SGD).","Gradient descent iteratively updates parameters to minimize loss. Direction: opposite of gradient (steepest descent). Learning rate controls step size. Update: param = param - learning_rate * gradient. Batch GD uses entire dataset (stable, computationally expensive). Stochastic GD (SGD) uses single sample (noisy, fast). Mini-batch GD uses subset (compromise). Learning rate critical: too high (diverges), too low (slow). Adaptive methods (Adam, RMSprop) adjust per parameter. Convergence: reaches local minimum (global if convex loss). Momentum accelerates convergence.","gradient descent,SGD,learning rate,batch,mini-batch,convergence,descent,minimum"
ML018,Machine Learning,Machine Learning,Medium,"Explain data imbalance and techniques to handle it.","Data imbalance: unequal class distribution. Example: 95% negative, 5% positive. Problem: model biased toward majority class, accuracy misleading. Metrics: use precision, recall, F1, ROC-AUC (not accuracy). Handling: oversampling (duplicate minority), undersampling (remove majority), SMOTE (synthetic minority), class weights (penalize minority mistakes more), threshold adjustment. Cost-sensitive learning: higher cost for minority misclassification. Combine techniques. Stratified split: preserve class distribution in train/test.","imbalance,class distribution,oversampling,undersampling,SMOTE,F1,precision,recall"
ML019,Machine Learning,Machine Learning,Medium,"Explain hyperparameter tuning and cross-validation together.","Hyperparameters (not learned from data): learning rate, regularization, tree depth. Tuning finds optimal values. GridSearchCV tries all combinations; RandomizedSearchCV samples randomly. Cross-validation evaluates each combination using multiple train-test splits (avoids overfitting to single split). Nested CV: outer loop evaluates; inner loop tunes. Time-consuming. Start with defaults, coarse search, fine search. Early stopping monitors validation loss, stops training if no improvement. Nested CV more robust but expensive; outer CV estimates generalization.","hyperparameter tuning,GridSearchCV,RandomizedSearchCV,cross-validation,nested CV,early stopping"
ML020,Machine Learning,Machine Learning,Hard,"Explain the curse of dimensionality.","Curse of dimensionality: as features increase, data becomes sparse and high-dimensional. Problems: 1) more data needed for same coverage (exponential growth), 2) distances become meaningless (all equidistant), 3) overfitting (more features = more parameters), 4) computation expensive, 5) visualization impossible. Example: 100 features, training 10^100 points to cover space. Solutions: feature selection (remove irrelevant), dimensionality reduction (PCA), regularization, domain knowledge. Trade-off: fewer features = better generalization, but may lose information. Relevant for distance-based (KNN, SVM, clustering) and high-dimensional data.","curse of dimensionality,features,sparsity,overfitting,distance,feature selection,PCA,reduction"
STAT011,Statistics,Statistics,Hard,"Explain A/B testing and statistical significance.","A/B testing compares two versions (A: control, B: treatment). Randomly assign users to versions. Measure metric (conversion, retention, etc.). Test for statistical significance using hypothesis test. Null: no difference. If p < 0.05, reject null (significant difference). Multiple comparisons problem: more tests = higher false positive rate (correct with Bonferroni). Sample size calculation: power (probability of detecting true effect), significance level (alpha), effect size. Common pitfall: stopping early when significant (p-hacking). Valid when: random assignment, sufficient sample size, pre-registered hypothesis.","A/B testing,control,treatment,significance,hypothesis test,p-value,power,sample size"
STAT012,Statistics,Statistics,Medium,"Explain effect size and its importance.","Effect size measures magnitude of difference (e.g., between groups). P-value shows significance (existence of effect); effect size shows importance. Common measures: Cohen's d (difference in means / std dev), correlation coefficient, odds ratio. Small d=0.2, medium d=0.5, large d=0.8. Important for: interpreting results (statistical vs practical significance), planning studies (power analysis), meta-analysis. P-value depends on sample size (large samples show significance for tiny effects). Effect size independent of sample size. Report both p-value and effect size.","effect size,Cohen's d,significance,practical importance,magnitude,power analysis,meta-analysis"
DS007,Data Science,Data Science,Hard,"Explain time series analysis and seasonality/trend.","Time series: data ordered by time. Trend: long-term direction (increasing/decreasing). Seasonality: repeating patterns (daily, monthly, yearly). Noise: random variation. Decomposition separates components. ARIMA (AutoRegressive Integrated Moving Average) models trends. Seasonal decomposition identifies patterns. Lagging: using previous values as features. Autocorrelation: correlation with past values. Challenges: non-stationarity (mean/variance change), missing values, handling future. Forecasting: predict future values. Applications: stock prices, weather, demand, sensor data. Time series CV maintains temporal order (no future leakage).","time series,trend,seasonality,decomposition,ARIMA,autocorrelation,forecasting,stationarity"
DS008,Data Science,Data Science,Hard,"Explain data visualization importance and choose appropriate plots.","Visualization reveals patterns, outliers, trends faster than numbers. Plot types: histogram (distribution), scatter (relationships), box plot (outliers, quartiles), heatmap (2D data, correlations), line plot (trends), bar chart (categories). Tools: Matplotlib, Seaborn, Plotly. Principles: appropriate chart for data, clear labels, avoid distortion, color blindness-friendly. Exploratory: understand data. Explanatory: communicate insights. Storytelling: guide viewer through insights. Design: minimize cognitive load. Accessibility: legends, annotations. Interactive plots (Plotly, D3) explore data dynamically.","visualization,plot types,exploratory,explanatory,storytelling,design,accessibility"
DS009,Data Science,Data Science,Medium,"Explain model interpretability and explainability.","Interpretability: understanding why model makes prediction. Explainability: explaining decision to others. Importance: regulatory (GDPR), user trust, debugging. Techniques: feature importance (tree models), SHAP values (game theory, model-agnostic), LIME (local approximation), attention weights (neural networks), coefficients (linear models). Black-box vs interpretable: neural networks harder to interpret; decision trees transparent. Trade-off: interpretability vs accuracy (often inverse). New regulations require explanation. Explainability techniques increasingly developed.","interpretability,explainability,feature importance,SHAP,LIME,transparency,black-box,trust"
DS010,Data Science,Data Science,Hard,"Explain model validation, evaluation metrics, and overfitting.","Validation estimates generalization to new data. Train/test split (single evaluation). Cross-validation (multiple splits, average). Holdout validation set (for hyperparameter tuning). Metrics: regression (MAE, RMSE, R²), classification (accuracy, precision, recall, F1, ROC-AUC). Overfitting: model memorizes training data. Signs: high train accuracy, low test accuracy. Underfitting: model too simple. Solutions: regularization, cross-validation, more data, simpler model. Learning curves: plot train/test accuracy vs data size (diagnose bias/variance). Confusion matrix: true/false positives/negatives.","validation,evaluation,metrics,overfitting,underfitting,cross-validation,learning curves,generalization"
PD009,Pandas,Pandas,Hard,"Explain time-based operations in Pandas: resample, rolling, expanding.","Resample changes frequency: df.resample('D').sum() daily totals. Upsampling (frequent) vs downsampling (less frequent). Rolling computes moving statistics: df['price'].rolling(window=7).mean() 7-day moving average. Min_periods parameter includes partial windows. Expanding: df['price'].expanding().mean() cumulative average. Shift: df['price'].shift(1) previous value (NaN for first). Diff: df['price'].diff() change from previous. Pct_change: percentage change. Essential for time series analysis. DatetimeIndex needed for time operations.","resample,rolling,expanding,window,shift,diff,time series,frequency"
PD010,Pandas,Pandas,Medium,"Explain Pandas multi-indexing (hierarchical index).","Multi-index (hierarchical) organizes data by multiple levels. Create: df = pd.DataFrame(..., index=pd.MultiIndex.from_tuples(...)). Access: df.loc[('level1_val', 'level2_val')]. Unstack/stack convert between multi-index and wide/long format. Level names aid clarity. Sorting: sort_index(level=0). Swaplevel: exchange index level order. Benefits: organizes complex data, enables groupby on index. Useful for time series (date, ticker), cross-sections (country, year).","multi-index,hierarchical,unstack,stack,level,sorting,wide,long format"
NP007,NumPy,NumPy,Hard,"Explain NumPy's linear algebra operations: dot, matrix multiplication, eigenvalues.","np.dot(a, b) computes dot product (1D) or matrix multiplication (2D). @operator equivalent: a @ b (Python 3.5+). np.linalg.inv(matrix) computes inverse. np.linalg.det(matrix) determinant. np.linalg.eig(matrix) eigenvalues/eigenvectors. Svd: np.linalg.svd(matrix) singular value decomposition. Norm: np.linalg.norm(vector) vector magnitude. Solving linear systems: np.linalg.solve(A, b) solves Ax=b. Cholesky decomposition: np.linalg.cholesky(matrix). Important for: optimization, dimensionality reduction, machine learning. NumPy wraps LAPACK (fast, optimized).","linear algebra,dot product,matrix,inverse,eigenvalues,SVD,determinant,LAPACK"
SK007,Scikit-learn,Scikit-learn,Hard,"Explain feature importance and model interpretability in Scikit-learn.","Tree-based models (RandomForest, XGBoost) provide feature_importances_. Example: model.fit(X, y); importances = model.feature_importances_. Measures: Gini/entropy importance (split frequency), permutation importance (drop feature, measure performance loss). Permutation more reliable: from sklearn.inspection import permutation_importance. Coefficient interpretation for linear models: positive = feature increases prediction, magnitude = strength. Careful: correlation vs causation. SHAP values model-agnostic explanation. Feature importance guides feature selection, debugging, business insights.","feature importance,tree-based,Gini,permutation,coefficient,SHAP,interpretability,debugging"
SK008,Scikit-learn,Scikit-learn,Hard,"Explain model selection and comparison strategies.","Cross-validation compares models: cross_val_score(model1, X, y) vs cross_val_score(model2, X, y). Statistical test: paired t-test if scores from same folds. Nested CV: outer for evaluation, inner for hyperparameter tuning. Hold out test set: final evaluation on unseen data (don't use for tuning). Metrics: baseline model (simple, interpretable), complex model (ensemble). Calibration plot: predicted vs actual probability. Learning curves: diagnose bias/variance. Complexity: simpler models preferred (Occam's razor) if similar performance.","model selection,comparison,cross-validation,statistical test,nested CV,baseline,calibration,complexity"
DL011,Deep Learning,Deep Learning,Medium,"Explain transfer learning and fine-tuning.","Transfer learning uses pre-trained models (trained on large dataset like ImageNet) on new task. Advantages: faster training, requires less data, better performance. Approaches: use pre-trained features (freeze layers, train final layers only), fine-tune (unfreeze layers, train with low learning rate). Example: load ResNet50 (trained on ImageNet), replace final layer with custom output, fine-tune on medical images. Layer freezing: freeze early layers (general features), train later layers (specific to task). Learning rate lower for fine-tuning (avoid overwriting learned features). State-of-the-art for image/NLP tasks when data limited.","transfer learning,fine-tuning,pre-trained,freeze,layers,learning rate,ImageNet,feature extraction"
DL012,Deep Learning,Deep Learning,Medium,"Explain batch size and its effect on training.","Batch size: number of samples per gradient update. Larger batch: smoother gradient (stable), faster computation, but may get stuck in local minima. Smaller batch: noisier gradient (may escape local minima), slower, more memory-efficient per batch but more iterations. Trade-off: stability vs exploration. Typical: 32, 64, 128, 256. GPU memory limits batch size. Batch normalization reduces sensitivity to batch size. Learning rate interacts with batch size (larger batches may need smaller learning rate). Momentum/Adam optimizers handle varying batches. Micro-batching: gradient accumulation (simulate larger batch without more memory).","batch size,gradient,computation,memory,stability,local minima,normalization,learning rate"
SK009,Scikit-learn,Scikit-learn,Easy,"Explain common Scikit-learn model types and when to use each.","Linear models: LinearRegression (fast, interpretable), LogisticRegression (classification), Ridge/Lasso (regularization). Tree models: DecisionTreeClassifier (interpretable, fast), RandomForestClassifier (robust, high-dimensional). Distance: KNeighborsClassifier (simple, no training), SVM (powerful, needs scaling). Ensemble: VotingClassifier (combine models), GradientBoostingClassifier (strong). Unsupervised: KMeans (clustering), PCA (dimensionality reduction). Start with simple (linear), move to complex if needed. Combination: ensemble (voting, stacking). Domain knowledge guides selection.","model types,LinearRegression,LogisticRegression,RandomForest,SVM,KMeans,ensemble,trade-offs"
ALG011,Data Structures & Algorithms,Data Structures & Algorithms,Medium,"Explain two-pointer technique and sliding window.","Two-pointer: maintain pointers at start/end, move toward center or solve problems. Example: sorted two-sum (find pair summing to target). Left pointer at start, right at end, move based on sum vs target. Efficient for: sorted arrays, linked lists, partitioning. Sliding window: maintain window of elements, slide right boundary, shrink left boundary. Example: longest substring without repeating characters. Efficient for: subarray problems, pattern matching. Both avoid nested loops (O(n²) → O(n)). Requires understanding problem structure.","two-pointer,sliding window,subarray,substring,efficient,optimization,O(n)"
ALG012,Data Structures & Algorithms,Data Structures & Algorithms,Medium,"Explain DFS and BFS difference and use cases.","DFS (Depth-First Search): explore deeply before backtracking. Stack-based (implicit in recursion). Example: visit root, go deep in first child, backtrack. Use cases: topological sort, cycle detection, path problems. BFS (Breadth-First Search): explore level-by-level. Queue-based. Example: visit all neighbors before going deeper. Use cases: shortest path (unweighted), connected components, level-by-level traversal. DFS: simpler (recursion), less memory (stack vs queue). BFS: finds shortest path (unweighted). Time both O(V+E); space differs. Choose based on problem.","DFS,BFS,depth,breadth,stack,queue,shortest path,recursion"
ALG013,Data Structures & Algorithms,Data Structures & Algorithms,Hard,"Explain backtracking and provide examples (N-Queens, Sudoku).","Backtracking: explore all possible solutions, abandon path when it can't lead to solution. Recursive with constraint checking. Example N-Queens: place queen on row, check column/diagonal constraints, recursively place next row. If no valid position, backtrack (try previous placement). Example Sudoku: fill cell, check row/column/box constraints, recursively fill next cell. Backtrack if contradiction. Efficient than brute-force (prune invalid branches). Time: potentially exponential (worst case all solutions). Used for constraint satisfaction problems, permutations, combinatorics.","backtracking,recursion,constraint,pruning,N-Queens,Sudoku,combinatorics,exploration"
BEH010,Behavioral / HR,Behavioral / HR,Easy,"What are your career goals?","Be specific, realistic, time-bound. Example: 5-year goal: lead ML engineering team, mentor junior engineers, impact production systems at scale. Next 1-2 years: deepen deployment expertise, lead cross-functional projects. Align with role: this role a step toward goals? Show ambition but not restlessness. Avoid: different field (suggests you'll leave), too vague, unrealistic. Company wants: will you grow with us or get bored? Staying and contributing? Connect to company values/opportunities. Growth path within company attractive. Flexibility shows you think long-term.","career goals,growth,specific,time-bound,alignment,ambition,future"
